prompt_id,prompt_text,category,complexity
1,A light waterway running blanketing silky pebbles surrounded by a thicket,nature,medium
2,Hectic metropolis avenue bordering conveyance warning sounds besides folk dialoguing,urban,high
3,Storm hitting blanketing a treated iron ceiling all through a thunderstorm,weather,medium
4,Clicking bonfire accompanied by rare pops combined containing hisses,nature,low
5,Zephyr song tubes vibrating throughout a light gust covering a porch,ambient,low
6,Waves slamming resting on a craggy seaboard in the midst of gloaming,nature,medium
7,Musicians tuning up ahead of a classical performance,music,high
8,Juveniles playing enclosed in a play yard comprising mirth plus screams,human,medium
9,Squeaking timber floor surface for the duration of an old neglected structure,horror,medium
10,Helicopter flying higher than ground bit by bit disappearing moving toward remoteness,mechanical,medium
11,Feathered creatures warbling surrounded by a spring morning garden,nature,medium
12,Java home atmosphere combined including quiet discussions not to mention espresso contrivance,social,medium
13,Word processor key levers rattling quickly accompanied by occasional bell ring,mechanical,medium
14,"Thunderclap booming across the faraway, gradually nearing",weather,medium
15,Tomcat thrumming at the time that dozing across a window edge,animals,low
16,Granules breaking below foot onto a dry terrain walk,nature,low
17,Draft crying all through a constricted hill route,weather,medium
18,Submarine ping system signals between profound sea habitat briny deep,mechanical,medium
19,Folios of a text being slowly progressed amid a silent archives,ambient,low
20,Ballpark throng yelling subsequent to a objective or score,social,high
21,Glass breaking as deep it hits a hard floor,effects,low
22,Grandfather timer sounding along with chiming for midnight,mechanical,medium
23,Rain forestland ambience plus exotic bird calls next to insects at dawn,nature,high
24,Teeming food venue possessing dishes clattering and particularly background chatter,social,high
25,Horse galloping extending along an open field,animals,medium
26,Spaceship powerplant buzzing at warm a constant frequency,sci-fi,medium
27,Metro mellow passing by featuring whistle blowing,transportation,medium
28,Saxophone solo amid a smoky jazz club,music,medium
29,Whispering voices amid an empty corridor,horror,medium
30,Sparking radio static possessing intermittent voice fragments,communication,medium
31,Bubbling brook featuring feathered creatures twittering over the course of background,nature,medium
32,Whale song echoing spanning waters depths,animals,medium
33,Laser gun battle including energy weapons firing,sci-fi,high
34,Heartbeat monitor beeping steadily between hospital room,medical,low
35,Unstable pine ship rocking atop soft swells,historical,medium
36,Howling wolf in a moonlit forestland,animals,medium
37,Typing covering a mechanical key mellow interface plus clicky switches,technology,low
38,Historic vinyl record adjacent to crinkling and snaps,vintage,low
39,Sizzling food over a hot grill or pan,cooking,low
40,deep Church bells resounding within a faint village,cultural,medium
41,Sunrise danger signal horologe clanging persistently,everyday,low
42,Rotary aircraft blades whirring distant during takeoff,transportation,medium
43,Ice cream bright truck melody running down a suburban boulevard,nostalgic,medium
44,Air current rustling over autumn fronds after rainfall,nature,medium
45,Paces running resting on concrete during the rain,action,medium
46,Computer server room featuring multiple fans resonant buzzing,technology,medium
47,Gentle rainfall on a tent inside the wilderness at dawn,nature,medium
48,resonant Airport terminal announcements and isolated conversations,travel,high
49,Medieval battle plus sword clangs and shield impacts,historical,high
50,Haunting theremin music clear amidst an empty ballroom,eerie,medium
51,Robot servos besides mechanical movements,sci-fi,medium
52,Propeller rich airplane engine starting and accelerating,transportation,medium
53,Thunderous applause amidst a gig hall,social,medium
54,Bowling ball drumming pins during a bowling alley,sports,medium
55,Squeaky door unhurriedly opening amid a dark home,horror,low
56,Dial up internet connection sounds,nostalgic,medium
57,Crowded swimming pool with splashing coupled possessing hilarity,social,medium
58,Antique bright music box playing a lullaby,vintage,medium
59,Chainsaw sharp cutting through wood,tools,medium
60,Motorcycle sharp engine revving loudly,transportation,medium
61,Blender mixing a smoothie resting on high speed,everyday,low
62,Bamboo blast chimes during a Japanese garden patch,cultural,low
63,warm Ping pong ball bouncing atop a table,sports,low
64,Howling blizzard alongside sharp intense draft,weather,medium
65,Crinkling combustion pit plus humans quietly talking,social,medium
66,warm Distant foghorn atop a misty ocean,nautical,medium
67,"During autumn, cicadas twittering upon a hot summer evening",nature,medium
68,Arcade distant game sounds from the 1980s,nostalgic,medium
69,Babbling brook featuring frogs croaking on a summer day,nature,medium
70,Air movement by way of pine trees amidst a summit grove,nature,medium
71,Medieval tavern and music and chatter,historical,high
72,Industrial factory along comprising machinery whirring,industrial,high
73,"On a summer day, deliberate dripping water amidst a cave",nature,low
74,Clock rich tower striking twelve during midnight,ambient,medium
75,Bustling hospital emergency room mood,medical,high
76,Dog barking excitedly distant as someone arrives home,animals,low
77,Soothing sharp meditation bowl being struck,spiritual,low
78,Giant creature stomping via distant a forest,fantasy,medium
79,Grandfather telling a bedtime clear story,human,medium
80,Fireworks exploding across the distance,celebration,medium
81,distant Windshield wipers squeaking covering rainy drive,transportation,low
82,Bustling precisely farmers fair plus vendors calling out,social,high
83,Antique film projector clicking plus whirring,vintage,medium
84,Bees buzzing around a flowering greenery,nature,medium
85,Alien particularly spacecraft landing featuring strange emissions,sci-fi,high
86,School ringer ringing combined featuring hallway commotion,everyday,medium
87,bright Peaceful night crickets plus infrequent owl hoots,nature,medium
88,Casino slot machines dinging also paying particularly out coins,entertainment,high
89,Foot falls crushing through fresh snow,weather,low
90,Microwave oven buzzing warm plus beeping,everyday,low
91,Distant crash for the duration of a gentle rainfall shower,weather,medium
92,Straining rocking chair covering an historical deck,nostalgic,low
93,bright Church organ playing a somber hymn,spiritual,medium
94,Spitting bonfire accompanied by people singing folk songs,social,medium
95,Seagulls calling shrouding a harbor alongside boat bells,nautical,medium
96,Horse drawn carriage against cobblestone streets,historical,medium
97,Motor car driving through puddles following rainfall,transportation,medium
98,Aged grandfather timer deep marking time inside a quiet room,vintage,low
99,Windshield wipers covering high in the process of strong downpour,transportation,medium
100,Glass draft bells tinkling within a soft draft,ambient,low
101,Bubbling cauldron encircled by a witch's cabin,fantasy,medium
102,Peaceful country dawn accompanied by roosters crowing,rural,medium
103,Steel drums playing a Caribbean bright melody,music,medium
104,Water dripping inside an echoing cavern at dusk,nature,medium
105,Fast paced typing against a laptop key set,technology,low
106,Breaking of a vintage vinyl record before music,vintage,low
107,Baby laughing during addition to cooing happily,human,low
108,Marching band practicing within a far off field,music,high
109,Intense thunderstorm featuring close particularly lightning strikes,weather,high
110,Construction site amidst addition to jackhammers not to remarkably mention machinery,industrial,high
111,Bowling ball rolling down lane and tapping pins,sports,medium
112,Mild night downpour incorporating frogs croaking,nature,medium
113,Tennis match along featuring grunts also ball hits,sports,medium
114,Dinner party containing clinking glasses and chatter,social,medium
115,Chalk writing covering an historical blackboard,nostalgic,low
116,Summer picnic containing detached amusement coupled containing gentle wind,social,medium
117,Timeworn western saloon rich featuring piano and boot steps,historical,medium
118,Skateboarder riding over concrete plus jumps,sports,medium
119,Medieval blacksmith hammering hot tin,historical,medium
120,Dog panting behind playing fetch enclosed in a park,animals,low
121,Scuba diving comprising respiration apparatus clear bubbles,adventure,medium
122,Winter night including air movement whistling through trees,weather,medium
123,Secluded metro whistle over open countryside,transportation,medium
124,Automatic sprinklers starting amidst sharp a garden,everyday,low
125,Smartphone tolling between an empty work setting,ambient,low
126,Retro video game sounds distant from an arcade,nostalgic,medium
127,Clocks counting during different tempos within a clock shop,ambient,medium
128,Heavy precipitation drumming a canvas tent,weather,medium
129,Musical clearly group tuning preceding a performance,music,high
130,Autumn vegetation grinding beneath one's steps on a summer day,nature,low
131,Timeworn cash register opening featuring dinger ring,vintage,low
132,Elevator doors opening flanking closing with ding,everyday,low
133,Bacon sizzling during a frying mellow pan,cooking,low
134,Cricket match along possessing bat hits also assembly reactions,sports,medium
135,Whale breaching bright the aquatic realm surface featuring splash,animals,medium
136,Space station ambient buzzing also distant beeps,sci-fi,medium
137,Youngsters interacting within snow containing amusement,human,medium
138,Bagpipes resonant playing a traditional Scottish tune,cultural,medium
139,Ballroom dance plus musicians plus foot falls,social,high
140,Pulse leisurely increasing amidst pace,medical,low
141,Wolves screaming in a moonlit timberland,animals,medium
142,Summer rainstorm drawing near plus distant thundering,weather,medium
143,Monastery bells calling resonant for prayer,spiritual,medium
144,Crystal glasses clinking among a subtle toast,celebration,low
145,Tennis deep ball appliance firing balls repeatedly,sports,medium
146,Vinyl record needle drop along featuring initial crackle,vintage,low
147,Antique steam locomotive chugging flanking whistling,transportation,medium
148,Whispering wind by way distant of tall grass prairie,nature,medium
149,Fox hunt profoundly plus warning sounds plus galloping horses,historical,high
150,subtle Cat meowing for attention or food,animals,low
151,Electric bass deep guitar working a funky riff,music,medium
152,Walking amidst deep snow containing squeaky footsteps,weather,low
153,Sci fi processor terminal plus typing and beeps,sci-fi,medium
154,Quill pen scratching atop subtle parchment,historical,low
155,Detached siren sharp progressively getting closer,emergency,medium
156,Business space environment comprising typing plus phone calls,workplace,medium
157,Fantasy tavern containing bards running and patrons talking,fantasy,high
158,Ice subtle cracking atop a frozen lake,nature,medium
159,Small rivulet bubbling over rocks in distant a meadow,nature,medium
160,Basketball bouncing covering court bright plus squeaking shoes,sports,medium
161,Delicate liquid surf amid night comprising far off lighthouse foghorn,nautical,medium
162,Popping inferno pit next to storyteller speaking softly,social,medium
163,Medieval jousting tournament containing gathering cheers,historical,high
164,Droning tabby slumbering above a window edge in the middle of rain,animals,medium
165,Wasteland air movement blowing granules against tent canvas,nature,medium
166,Chopping vegetables over a oak cutting board,cooking,low
167,Carousel music at sharp an amusement park,entertainment,medium
168,Retro pinball gadget including flippers and bells,nostalgic,medium
169,Whispering voices amid an ancient tomb,horror,medium
170,Horse drawn sleigh comprising bells inside snow,historical,medium
171,Group meditation accompanied by synchronized respiration,spiritual,medium
172,Ancient movie projector clicking containing film soundtrack,vintage,medium
173,"Beneath starlight, mild zephyr along bamboo forestland",nature,medium
174,Electric guitar amplifier feedback beside distortion,music,medium
175,Snowy night throughout addition to distant wolf howls,nature,medium
176,Analog synthesizer creating ambient deep soundscape,electronic,medium
177,Morning flyers at dawn during springtime on a foggy day,nature,medium
178,Rotary deep aircraft search and rescue operation,emergency,high
179,Pool balls pounding during a game,sports,medium
180,Vintage radio warm tuning between stations,vintage,medium
181,"On a foggy day, drizzle pounding large tropical fronds inside jungle",nature,medium
182,Sharpening a knife against a whetstone,everyday,low
183,Child splashing amidst puddles containing rubber boots,human,low
184,Frantic shopping mall in the midst particularly of holiday season,social,high
185,Sailboat containing flapping sails and water against hull,nautical,medium
186,Haunted mansion comprising whining flooring also detached moans,horror,medium
187,mellow Analog alarm timer tocking and ringing,everyday,low
188,Cat vibrating during kneading a soft blanket,animals,low
189,Crackling paper as folios turn inside manuscript,ambient,low
190,"Amidst skyscrapers, lively highway automobiles from remoteness",urban,medium
191,Blacksmith hammering red hot aluminum on top of anvil,historical,medium
192,Sparking electricity amidst subtle a mad scientist lab,sci-fi,medium
193,Horse trotting blanketing cobblestone street,historical,medium
194,Rowdy sports bar encircled by profoundly a big game,social,high
195,Children opening presents plus excitement,celebration,medium
196,Freight metro passing by comprising horn distant blasts,transportation,medium
197,Steps over gravel path amidst faint backyard,ambient,low
198,Roller coaster comprising screams also mechanical sounds,entertainment,high
199,Windmill grating as mellow blades turn inside strong breeze,rural,medium
200,Archaic western town beside distant piano music,historical,medium
201,clear Ambient hum of a submarine interior,transportation,medium
202,Cuckoo clock deep striking the hour,vintage,medium
203,Soccer match clearly featuring referee whistle and crowd,sports,high
204,Air current moaning through abandoned building,horror,medium
205,Crowded eatery vividly kitchen for the duration of service,workplace,high
206,Arboretum creatures at night accompanied by owl hoots during autumn,nature,medium
207,Orchestra impressively performing classical symphony,music,high
208,Pouring rain against a car shelter at the time that driving,weather,medium
209,Traditional Native warm American drum circle,cultural,medium
210,Ancient phonograph playing scratchy distant jazz record,vintage,medium
211,Rocket unmistakably countdown and powerful launch,sci-fi,high
212,Monks chanting amidst bright a stone monastery,spiritual,medium
213,Crackling bonfire along possessing ghost stories,horror,medium
214,Dinner table exchange featuring resonant family,social,medium
215,Bicycle jingle ringing spreading over bustling bike path,transportation,low
216,Water boiling in a kettle whistling,everyday,low
217,Rhythmic printing press during operation,industrial,medium
218,Elevation brook including infrequent fish jumps,nature,medium
219,Playground swings squeaking warm back also forth,nostalgic,low
220,Typing across historical mechanical typing apparatus,vintage,medium
221,Ice skates carving extending along frozen pond,sports,medium
222,Blacksmith hammering and quenching hot iron,historical,medium
223,Baby giggling encircled by peek a boo game,human,low
224,Geese honking as they fly distant overhead,animals,medium
225,Vintage film projector sprinting within cinema,vintage,medium
226,"During a misty morning, cave combined featuring water droplets furthermore with distant echoes",nature,medium
227,Cash register drawer opening accompanied by dinger,vintage,low
228,Ancient temple containing draft amidst stone corridors,historical,medium
229,Copter clear hovering up high,transportation,medium
230,bright Whale songs in bottomless briny deep,animals,medium
231,Draft carillons during soothing summer draft,ambient,low
232,Lively fish noticeably exchange besides vendors calling,social,high
233,Analog synthesizer creating sci fi atmosphere,electronic,medium
234,Walking by way of dense copse undergrowth during autumn,nature,medium
235,Stadium crowd especially doing the wave at sporting event,social,high
236,Sizzling logs among stone fireplace for the duration of winter,ambient,medium
237,Subway metro arriving among station comprising announcement,transportation,medium
238,Antique pocket watch ticking rich mechanism,vintage,low
239,Tabby buzzing bordering kneading covering blanket,animals,low
240,Basketball game comprising squeaking shoes not to mention bouncing ball,sports,medium
241,"During sunrise, air current rushing spreading over canyon walls",nature,medium
242,Antique fashioned mechanical writer plus tinkle for end of line,vintage,medium
243,Beehive clear humming including activity,nature,medium
244,Grandfather bright chronometer pendulum swinging,vintage,low
245,Marching band cavorting amid parade,music,high
246,Bowling unmistakably alley ambient sounds,sports,high
247,"On a foggy day, ornithes taking flight suddenly from trees",nature,medium
248,Video remarkably arcade from the 1980s,nostalgic,high
249,Horse galloping spanning open field,animals,medium
250,Rain atop windshield plus subtle wipers jogging,transportation,medium
251,Electric guitar accompanied by heavy distortion solo,music,medium
252,Bonfire popping during beach party,social,medium
253,Heavy footsteps during empty hallway among night,horror,medium
254,Carnival precisely merry go round music and guffaws,entertainment,high
255,Fox barking within moonlit woods,animals,medium
256,Copter sharp rescue operation amid mountains,emergency,high
257,Chopping wood for winter rich fireplace,rural,medium
258,Tennis match featuring grunts and ball hits,sports,medium
259,Haunted home bright featuring ghostly whispers,horror,medium
260,Aged west saloon sharp piano playing ragtime,historical,medium
261,Sediment timer not to mention grains falling slowly,ambient,low
262,Bubbling scientific experiment amid laboratory,sci-fi,medium
263,Bat echolocation sounds resonant during cave,animals,medium
264,Monks chanting resonant in Tibetan monastery,spiritual,medium
265,Vinyl record crackle warm before jazz music,vintage,medium
266,Soccer distinctly amphitheater plus chanting fans,sports,high
267,Thunderstorm adjacent to vividly prominent downpour covering,weather,high
268,Ice cracking against frozen lake throughout season of renewal,nature,medium
269,Cash register clear bonging up sales,vintage,low
270,Heart monitor beeping in hospital room,medical,low
271,Shrieking blizzard noticeably around elevation cabin,weather,high
272,Frying bright eggs covering hot skillet,cooking,low
273,Bowling ball rolling down lane coupled containing pounding pins,sports,medium
274,Traditional Japanese mellow tea ceremony,cultural,medium
275,Horse drawn carriage upon country road,historical,medium
276,Bubbling brook beside ornithes chirping,nature,medium
277,Mechanical warm pocket watch tocking,vintage,low
278,sharp Ancient stone door grinding open,fantasy,medium
279,Coffee percolator bubbling above stove,cooking,low
280,Ambient sounds especially of tropical rainforest,nature,high
281,Smartphone ringing amidst empty office edifice,ambient,low
282,Crinkling combustion comprising storyteller speaking,social,medium
283,Symphony tuning instruments amidst advance profoundly of recital,music,high
284,Dog barking across mailman nearing,animals,low
285,Popcorn popping throughout kettle,cooking,low
286,Drawbridge mechanism raising comprising chains,mechanical,medium
287,Dawn throughout countryside with rooster crowing,rural,medium
288,Theremin frolicking mellow eerie melody,electronic,medium
289,Indoor swimming pool echoes coupled including splashes,sports,medium
290,Horses pulling stagecoach over dirt road,historical,medium
291,Spitting static against historic radio,vintage,medium
292,Birds chirping inside budding season flower bed,nature,medium
293,Squall drawing near featuring faint rumbles,weather,medium
294,Blacksmith forge including hammer not to mention bellows,historical,medium
295,Summer shower over garden patch leaf cover,weather,medium
296,Church bells ringing spreading over village,cultural,medium
297,Carousel music during night carnival,entertainment,medium
298,Casino slot machines besides ambient chatter,entertainment,high
299,Tabby thrumming by clicking fireplace,animals,medium
300,Chainsaw cutting subtle through fallen tree,tools,medium
301,Chalk writing shrouding blackboard amidst noiseless classroom,nostalgic,low
302,Champagne cork popping rich at celebration,celebration,low
303,Minors jumping amidst pile of autumn foliage,nostalgic,medium
304,Christmas early hours plus paper unwrapping,celebration,medium
305,Cicadas warbling on hot summer evening during a misty morning,nature,medium
306,Circus performance parallel to crowd reactions,entertainment,high
307,Classical string quartet all through marble hall,music,medium
308,Classroom plus teacher distant and student interactions,social,medium
309,Timer tower striking noon blanketing municipality square,urban,medium
310,Closing iron vault door comprising echo,mechanical,medium
311,Caf ambient noise possessing espresso appliance,social,medium
312,Cold winter wind whistling through deep bare trees,weather,medium
313,Processor server room parallel to fans alongside hard drives,technology,medium
314,Musical event hall audience applauding,social,medium
315,Construction site along including jackhammer especially coupled containing crane,industrial,high
316,Cooking bacon amidst cast mellow iron skillet,cooking,low
317,Coral reef underwater containing bubbles plus fish,nature,medium
318,Corks popping during wine bright tasting event,celebration,medium
319,"On a foggy day, country waterway comprising frogs coupled featuring crickets",nature,medium
320,Cow mooing amidst barn comprising hay swishing,rural,low
321,Crackling campfire plus owl hooting in winter,nature,medium
322,Crackling ice among mellow glass of whiskey,ambient,low
323,Squealing door inside neglected mansion,horror,low
324,Grating floor surface amid archaic Victorian habitat,horror,low
325,Creaking rocking chair shrouding hardwood deck,nostalgic,low
326,Cricket match next to bat hits amidst addition to commentary,sports,medium
327,Crickets calling above summer evening,nature,low
328,Assembly distinctly applauding for football six points,sports,high
329,Crowd murmuring during advance of theater performance,social,medium
330,sharp Crying baby steadily calming down,human,medium
331,Crystal glasses clinking amid toast,celebration,low
332,Cuckoo horologe announcing rich noon,vintage,low
333,Dance club featuring clearly electronic music besides crowd,social,high
334,Strong space ambient parallel to rare transmission,sci-fi,medium
335,"At daybreak, dry terrain wind amidst canyon with hawk cry",nature,medium
336,Dice rolling covering maple table amidst game,entertainment,low
337,Diesel railway engine idling sharp when station,transportation,medium
338,Digital siren bright timekeeping device beeping persistently,everyday,low
339,Dining hall containing silverware and conversation,social,medium
340,Dinner party along comprising guffaws in addition to glasses clinking,social,medium
341,Detached ambulance siren advancing,emergency,medium
342,Distant avalanche within mountain range in early morning,nature,high
343,Faint carnival sounds spanning night field,entertainment,medium
344,Isolated church bells against Sunday daybreak,cultural,medium
345,Faint factory whistle rich signaling end of shift,industrial,medium
346,clear Distant fireworks covering fourth of July,celebration,medium
347,Distant foghorn against misty harbor,nautical,medium
348,Far off particularly gunfire atop battlefield,historical,high
349,Remote helo moving toward progressively,transportation,medium
350,Isolated rumble over the course of faint rain,weather,medium
351,Distant train whistle spanning prairie,transportation,medium
352,"At dawn, precisely remote volcano booming earlier than eruption",nature,high
353,Diving moving to swimming pool parallel to underwater sounds,sports,medium
354,Dog distant barking excitedly at squirrel,animals,low
355,Dog panting post sharp performing fetch,animals,low
356,Dog shaking water off after distant swimming,animals,low
357,Dogs playing in addition to wrestling covering grass,animals,medium
358,Dolphins clicking and whistling bright underwater,animals,medium
359,Door cracking open contained in haunted dwelling,horror,low
360,Drawbridge mechanisms raising warm plus chains,mechanical,medium
361,Dripping faucet throughout still bathroom,everyday,low
362,"In early morning, dripping water inside cave including echoes",nature,medium
363,Drone of airplane engines whilst experiencing flight,transportation,medium
364,Dropping ice cubes advancing to glass,everyday,low
365,Drum circle within public park,music,medium
366,Drumming fingers covering maple table,human,low
367,Duck quacking across pond edge,animals,low
368,Ducks landing covering pond comprising water splashes,animals,medium
369,warm Electric fan oscillating during muted room,everyday,low
370,Electric guitar becoming tuned,music,low
371,Electric saw cutting resonant wood,tools,medium
372,deep Electric shaver buzzing,everyday,low
373,distant Electric toothbrush sprinting,everyday,low
374,Electronic subtle cash register scanning items,everyday,low
375,Electronic door lock including keypad beeps,technology,low
376,Electronic music including synthetic beats,music,medium
377,Elevator arriving featuring gong also doors opening,everyday,low
378,clear Elevator music in department store,ambient,low
379,Empty show hall featuring remote piano notes,ambient,medium
380,Empty play space swings squealing amidst zephyr,eerie,medium
381,Engine impressively room of large ship at sea,transportation,high
382,distant Espresso device steaming milk,cooking,low
383,Evening cicadas coupled containing crickets inside summer,nature,medium
384,Excited dog greeting sharp returning owner,animals,medium
385,Explosive thunderclap throughout the midst of deluge,weather,medium
386,Factory assembly unmistakably line featuring conveyor belt,industrial,high
387,Falling raindrops on window pane,weather,low
388,Farm animals resonant waking when dawn,rural,medium
389,"Beneath starlight, quick passing channel enclosed in peak gorge",nature,medium
390,Fast paced footsteps running stretching across pavement,action,medium
391,Fax contrivance sending bright document,vintage,medium
392,Ferris wheel during bright night carnival,entertainment,medium
393,Field of wheat crinkling in the midst of zephyr after rainfall,nature,medium
394,Film projector running amid empty theater,vintage,medium
395,Finale of fireworks warm display,celebration,high
396,Blaze warning clanging in the midst of establishment,emergency,medium
397,Inferno truck siren getting nearer emergency,emergency,medium
398,Fireplace fizzing over winter evening,ambient,medium
399,Fireworks exploding amid celebration,celebration,medium
400,Fish tank bubbler coupled accompanied by filter running,ambient,low
401,Fishing boat diesel subtle engine idling,nautical,medium
402,Fishing line casting bordering reel spinning,sports,low
403,Fitness class including instructor coupled including music,sports,medium
404,Fizzing soda sharp being poured into glass,everyday,low
405,Flamenco dancers featuring distant castanets alongside footwork,cultural,medium
406,Flashbulbs popping over the course of press conference,media,medium
407,Flipping deep through pages of newspaper,everyday,low
408,Flowing river plus rushing rapids after rainfall,nature,medium
409,Flute playing solo melody amidst empty sharp hall,music,medium
410,Winging insects buzzing around deck delicate under moonlight,nature,low
411,sharp Fog horn blowing amid harbor mist,nautical,medium
412,Footsteps advancing shrouding wooden floor,ambient,low
413,Paces pulverizing inside fresh snow,weather,low
414,Paces distant echoing amidst empty corridor,eerie,low
415,Steps among dry bright autumn fronds,nature,low
416,Footsteps upon gravel path amidst garden patch,ambient,low
417,Stride sounds running up oak staircase,action,low
418,Woodland following rainfall plus dripping leaves,nature,medium
419,Woodland during dusk containing owl hooting during autumn,nature,medium
420,Copse combustion crinkling through underbrush,nature,high
421,Formula 1 race sharp cars passing by,sports,high
422,Fox hunting horn spreading over autumn field,historical,medium
423,Freezer door opening containing frost cracking,everyday,low
424,French cafe featuring deep accordion music,cultural,medium
425,Frog chorus at pond edge in the midst of twilight,nature,medium
426,Frontier distant town plus horses coupled with wagon,historical,medium
427,Frying bacon throughout pan adjacent to sizzling,cooking,low
428,Funeral sharp procession plus solemn music,spiritual,medium
429,Furious downpour along with massive rain,weather,high
430,Futuristic urban area warm including soaring vehicles,sci-fi,high
431,Futuristic PC warm interface comprising beeps,sci-fi,medium
432,Galloping horse stretching across open meadow,animals,medium
433,Game deep show audience applauding answer,entertainment,medium
434,Garage door mellow opening automatically,everyday,low
435,Landscaped area party containing conversations coupled accompanied by music,social,medium
436,Gas stove burner clear igniting,everyday,low
437,sharp Geese honking during migration,animals,medium
438,Soft brook encircled by woods clearing,nature,medium
439,Tranquil maritime domain billows atop sandy beach,nature,medium
440,Gentle drizzle subtle over tent while camping,weather,medium
441,Soft rill moving across meadow in springtime,nature,medium
442,Gentle zephyr amidst pine woods during twilight,nature,medium
443,Ghost town accompanied by zephyr through empty buildings,eerie,medium
444,Glass breaking inside deliberate motion,effects,medium
445,Glass shattering upon distant hard floor,effects,low
446,Glassblower working throughout addition to molten glass,crafts,medium
447,Glasses clinking in celebration toast,celebration,low
448,sharp Grandfather timepiece striking midnight,vintage,medium
449,Grasshoppers calling throughout summer field,nature,low
450,Gravel crumbling under auto tires,transportation,low
451,Group meditation combined containing ohm chanting,spiritual,medium
452,Guitar transforming into carefully tuned,music,low
453,Gull cries covering harbor plus boat bells,nautical,medium
454,Gym workout featuring weights coupled comprising respiration,sports,medium
455,Hair dryer running atop high setting,everyday,low
456,Halloween party featuring monster rich sounds,celebration,medium
457,Hammer deep hitting nail into wood,tools,low
458,Hammock swinging featuring rope mellow moaning,ambient,low
459,sharp Hand cranked ice cream maker,vintage,low
460,Hand washing dishes during sink,everyday,low
461,Harbor containing boat blares and gulls,nautical,medium
462,Harp glissando inside gig hall,music,medium
463,Haunted distinctly home attraction plus screams,entertainment,high
464,Haunting violin solo throughout empty church,music,medium
465,Intense cloudburst pounding window panes,weather,medium
466,Prominent downpour touching canvas tent,weather,medium
467,Substantial snowfall distant with muffled municipality sounds,weather,medium
468,Heavy downpour remarkably comprising zephyr and precipitation,weather,high
469,Copter blades clear whirring overhead,transportation,medium
470,clear Hens clucking during chicken coop,rural,medium
471,High heel shoes strolling against deep marble floor,everyday,low
472,High peak zephyr along rugged peaks during twilight,nature,medium
473,High school band practicing amid yonder,music,medium
474,High distinctly school hallway between classes,social,high
475,High speed train passing mellow by station,transportation,high
476,Highway motorists subtle from pedestrian bridge,urban,medium
477,Hiking boots covering rough peak trail,adventure,low
478,Hockey game beside stick slaps plus congregation,sports,high
479,Home printer scanning plus printing,technology,low
480,Horse carriage on top of cobblestone pathway,historical,medium
481,Horse galloping stretching across open field,animals,medium
482,Horse neighing and stomping amidst stable,animals,medium
483,Horse trotting over dirt path,animals,medium
484,Hospital corridor amid night during addition to periodic paper,medical,medium
485,Hot air balloon rich burner firing,adventure,medium
486,Hotel lobby beside subdued piano music,social,medium
487,Habitat construction including hammering noticeably along with sawing,industrial,high
488,Hovercraft propulsion system clear and water spray,transportation,medium
489,Crying wind amidst the midst of winter blizzard,weather,high
490,Whirring refrigerator amidst silent kitchen,everyday,low
491,Hushed museum gallery comprising irregular whispers,social,low
492,Hydraulic press crushing deep objects,industrial,medium
493,Ice cream truck melody amid suburb,nostalgic,medium
494,"At daybreak, ice cracking covering frozen lake",nature,medium
495,Ice cubes developing into dropped en route to glass,everyday,low
496,Ice hockey puck distant and stick impacts,sports,medium
497,Ice skating rink comprising blades against subtle ice,sports,medium
498,Icicles melting along including dripping,weather,low
499,Industrial resonant elevator machinery operating,industrial,medium
500,Industrial factory extraordinarily comprising machinery dashing,industrial,high
501,Inside car shrouding the course of prominent rainstorm,weather,medium
502,sharp Inside medieval blacksmith shop,historical,medium
503,Inside moving elevator beside mechanical sounds,everyday,low
504,Inside submarine accompanied by echo sounding signals,transportation,medium
505,Inside tent in the process of rainstorm,weather,medium
506,Jazz club rich featuring saxophone solo,music,medium
507,Jet airliner taking precisely off nearby,transportation,high
508,Jet ski racing spanning water,sports,medium
509,Jewelry box along possessing ballerina turning,vintage,low
510,Jungle at night including exotic clearly animal sounds,nature,high
511,Kettle beginning to whistle over stove,everyday,low
512,Key turning across old door lock,everyday,low
513,Key set typing incorporating mechanical switches,technology,low
514,Kids working in the middle of swimming pool,social,medium
515,Kitchen throughout crowded dinner preparation,cooking,medium
516,Kitten distant meowing for attention,animals,low
517,Knitting rich needles clicking together,crafts,low
518,Lake rollers lapping against dock,nature,medium
519,Large audience bright applauding performance,social,high
520,Large cathedral accompanied by echoing treads,spiritual,medium
521,Large intensely assembly chanting encircled by protest,social,high
522,Large throng melodizing national anthem,social,high
523,rich Large grandfather chronometer tocking,vintage,low
524,distant Large industrial fan during warehouse,industrial,medium
525,Large iron gate closing adjacent to locking,mechanical,medium
526,Large office including typing also phones,workplace,high
527,Large tides smashing covering especially boulder-strewn shore,nature,high
528,Laser clear printer printing document,technology,low
529,Laundromat accompanied by washing machines dashing,everyday,medium
530,Lawn mower sprinting amidst sharp suburban yard,everyday,medium
531,Lawn sprinklers running during dawn,everyday,low
532,Leaves rustling within autumn breeze,nature,low
533,Reference center along possessing infrequent page turning,ambient,low
534,Faint aircraft powerplant bright starting,transportation,medium
535,Light precipitation falling against calm lake,weather,medium
536,Mild rainfall over greenhouse shelter,weather,medium
537,Lightning strike impressively containing immediate thunderclap,weather,high
538,Lions roaring inside savanna faraway,animals,medium
539,Live auction featuring fast talking auctioneer,social,high
540,Loading noticeably dock featuring trucks flanking forklifts,industrial,high
541,Locomotive steam warm engine starting,transportation,high
542,Log cabin fireplace spitting throughout winter,ambient,medium
543,Logging operation featuring chainsaws,industrial,high
544,Loom weaving fabric inside textile mill,industrial,medium
545,Lullaby music box engaging steadily,nostalgic,low
546,Lumber getting cut particularly at sawmill,industrial,high
547,Appliance gun warm firing rapidly,action,high
548,warm Magic spell casting accompanied by mystical sounds,fantasy,medium
549,Magical forestland along possessing ethereal sounds,fantasy,medium
550,Magician performing including subtle audience gasps,entertainment,medium
551,Mail slot featuring letters dropping amidst,everyday,low
552,Mall square incorporating vendors calling,social,high
553,Martial arts resonant training session,sports,medium
554,Match growing struck also lighting,everyday,low
555,Mechanical deep timer winding up,vintage,low
556,Mechanical metronome pulsing resonant steadily,music,low
557,Mechanical toy rich robot treading,vintage,low
558,Meditative vocalizing bowl growing struck,spiritual,low
559,Melting ice cream dripping overhead hot day,ambient,low
560,Iron detector beeping among treasure,adventure,low
561,Iron gate squeaking open slowly,ambient,low
562,Tin workshop next to grinding and welding,industrial,high
563,Metronome clear marking time at moderate tempo,music,low
564,Microwave oven deep speeding and beeping,everyday,low
565,Military boots marching across formation,historical,medium
566,Military warm jet winging aloft,transportation,high
567,Military parade next to marching band,cultural,high
568,Milk becoming poured in the direction of cereal bowl,everyday,low
569,Mining operation possessing drilling,industrial,high
570,Misty mountain forest whilst dawn,nature,medium
571,Mixing cocktail amidst shaker,social,low
572,Mobile communicator vibrating against maple table,technology,low
573,Model metro set running against tracks,hobby,medium
574,Modern art gallery possessing hushed voices,social,low
575,Modern office comprising computers and phones,workplace,medium
576,Monastery bells calling to bright prayer,spiritual,medium
577,Monday daylight intensely construction site,industrial,high
578,Monkey chattering inside rainforest,animals,medium
579,Monorail deep express passing up high,transportation,medium
580,"In winter, early hours birdsong enclosed in spring landscaped area",nature,medium
581,Sunrise coffee brewing between equipment,everyday,low
582,Morning commute covering lively highway,transportation,high
583,Daybreak amidst countryside farmyard,rural,medium
584,Sunrise during suburbs featuring paper delivery,everyday,medium
585,Morse code growing tapped out,communication,low
586,Mosquito buzzing near ear while warm night,animals,low
587,Motorcycle engine sharp starting coupled with idling,transportation,medium
588,Motorcycle passing by possessing thunderous prime mover,transportation,medium
589,Crag avalanche within remoteness,nature,high
590,Peak goats atop rugged slopes,animals,medium
591,Crag brook featuring small plunge,nature,medium
592,Mouse clicking quickly at the time of gaming,technology,low
593,Movie especially theater audience reactions,social,high
594,Moving box accompanied by dishes rattling inside,everyday,medium
595,Multiple signal deep clocks jingling,everyday,medium
596,Museum featuring hushed voices coupled comprising footsteps,social,medium
597,Music box playing soft lullaby,vintage,low
598,Musical saw changing to played hauntingly,eerie,medium
599,Nail mellow gun firing into wood repeatedly,tools,medium
600,Native American drumming resonant ceremony,cultural,medium
601,Nature resonant documentary narrator voice,media,medium
602,Neon sign resonating resonant in rainy night,urban,low
603,Night club accompanied by DJ and dancing congregation,social,high
604,Night insects amidst summer flower bed,nature,medium
605,Night precisely emporium featuring food vendors,social,high
606,Night sounds of dry terrain with coyotes,nature,medium
607,Night transit warm vehicle passing along countryside,transportation,medium
608,Nightingale warbling within moonlit flower bed during autumn,nature,medium
609,Nighttime metropolis atmosphere with isolated sirens amidst skyscrapers,urban,medium
610,Nighttime forest accompanied by cricket chorus,nature,medium
611,Nighttime precisely jungle along accompanied by exotic creatures,nature,high
612,"At dawn, nighttime ocean swells atop waterfront",nature,medium
613,Nighttime electrical storm getting nearer,weather,high
614,Noisy food venue kitchen in unmistakably the process of service,workplace,high
615,Nostalgic ice cream truck rich melody,nostalgic,medium
616,Ocean liner warm horn blasting,nautical,medium
617,Deep surf impacting atop craggy coast,nature,high
618,Aquatic realm breakers sharp gently lapping sandy shore,nature,medium
619,Office cubicle featuring typing plus phones,workplace,medium
620,Headquarters warm paper shredder racing,workplace,low
621,Office printer resonant scanning documents,workplace,low
622,Work surroundings workers discussing project,workplace,medium
623,Antique boat cracking during dock,nautical,medium
624,Vintage transport propellant distant struggling to start,transportation,medium
625,Archaic cash register plus mechanical key levers,vintage,medium
626,Archaic fashioned popcorn apparatus deep popping,vintage,medium
627,Old fashioned typewriter not to mention tinkle,vintage,medium
628,distant Vintage grandfather horologe sounding,vintage,low
629,Ancient manual distant camera shutter clicking,vintage,low
630,Ancient movie film projector racing,vintage,medium
631,Antique sharp music box playing melody,vintage,low
632,mellow Ancient phonograph playing scratchy record,vintage,medium
633,Time-worn pocket watch sounding mechanism,vintage,low
634,Aged radio tuning between clear stations,vintage,medium
635,Ancient school bell ringing,nostalgic,medium
636,Time-worn steam locomotive chugging,transportation,high
637,Timeworn deep telephone rotary dial spinning,vintage,low
638,Vintage western saloon combined accompanied by piano running,historical,medium
639,Old windmill moaning inside gust,rural,medium
640,Ancient hardwood boat squeaking atop water,nautical,medium
641,Ancient timber flooring straining,ambient,low
642,Olympic swimming competition distinctly comprising gathering,sports,high
643,sharp Opening champagne bottle featuring pop,celebration,low
644,Orchestra conductor warm tapping baton,music,low
645,Orchestra tuning amid front of performance,music,high
646,Organ clear running amidst cathedral,spiritual,medium
647,Outdoor cafe accompanied by street musicians,social,medium
648,Outdoor show precisely plus applause,social,high
649,Outdoor festival impressively alongside multiple sounds,social,high
650,Outdoor mall possessing distinctly vendors calling,social,high
651,sharp Outdoor wedding ceremony featuring vows,celebration,medium
652,Overflowing bathtub parallel to water splashing,everyday,medium
653,Owl hooting all through dark arboretum,nature,low
654,Paddling canoe in the middle of still water,adventure,low
655,Pages turning inside large tome,ambient,low
656,Paintball game incorporating markers firing,sports,medium
657,Paper becoming crumpled toward ball,everyday,low
658,Paper changing to torn leisurely,everyday,low
659,Paper money becoming counted by hand,everyday,low
660,Paper shredder sharp destroying documents,workplace,low
661,Parachute opening amid the midst of skydive,adventure,medium
662,Party balloons sharp popping,celebration,medium
663,Passing cars resting on wet road following cloudburst,transportation,medium
664,Passing public transport locomotive warm underground,transportation,high
665,"At dawn, peaceful meadow along with subtle wind",nature,low
666,Pen writing atop paper in the midst of muted room,ambient,low
667,Pencil scratching atop paper,everyday,low
668,Pendulum sharp timepiece swinging rhythmically,vintage,low
669,rich Person wind during meditation,spiritual,low
670,Person rich drinking amidst straw,everyday,low
671,Person humming in the process of cooking,human,low
672,sharp Person laughing heartily,human,low
673,sharp Person snoring loudly,human,low
674,Person typing shrouding laptop input mechanism,technology,low
675,Person pacing through bright resonant snow,weather,low
676,Person whistling happy rich tune,human,low
677,Piano transforming into tuned comprising key hits,music,medium
678,Piano playing soft deep melody,music,medium
679,Pickup truck driving atop gravel road,transportation,medium
680,Picnic in park with faraway children,social,medium
681,Pigeons cooing all through cityscape square,urban,low
682,Pinball contrivance including bells bordering flippers,entertainment,medium
683,"After rainfall, pine arboretum amid subtle breeze",nature,medium
684,Ping pong ball bouncing spanning table,sports,low
685,Pirate ship noticeably battle plus cannons,historical,high
686,Pizza rich restaurant comprising brick oven,social,medium
687,clear Plane taking off from airport runway,transportation,high
688,Play zone plus children performing,social,medium
689,Plucking guitar strings one mellow by one,music,low
690,Pneumatic drill against noticeably construction site,industrial,high
691,Police vehicle siren drawing near,emergency,medium
692,Pool balls pounding amid game,sports,medium
693,Popcorn popping amid microwave,cooking,low
694,rich Popping bubble wrap slowly,everyday,low
695,Pouring cereal moving mellow to empty bowl,everyday,low
696,Pouring champagne bright moving to glass,celebration,low
697,Pouring coffee toward clear ceramic mug,everyday,low
698,Pouring deep cloudburst amid thunderstorm,weather,high
699,Pouring shower above aluminum rooftop,weather,medium
700,Prayer bright bells ringing inside temple,spiritual,medium
701,sharp Pressure cooker releasing steam,cooking,medium
702,Professional kitchen distinctly amidst the midst of service,workplace,high
703,Public pool noticeably parallel to swimmers also echoes,sports,high
704,Public speaking flanking microphone feedback,social,medium
705,Pulling cork from wine rich bottle,everyday,low
706,Puppies playing and barking,animals,medium
707,Droning kitty covering window shelf,animals,low
708,Barely audible bar featuring jazz playing softly,social,medium
709,Soundless beach when sunrise inside addition to gulls during a misty morning,nature,medium
710,Muted bookstore along containing periodic page turns,ambient,low
711,Hushed caf comprising slight music,social,medium
712,Muted country church service,spiritual,medium
713,Silent grove following fresh snowfall,nature,low
714,Soft hospital corridor encircled by night,medical,medium
715,Noiseless literary collection comprising intermittent whispers,social,low
716,"Under moonlight, muted night accompanied by cricket sounds",nature,low
717,Still headquarters accompanied by keyboard typing,workplace,medium
718,Faint park flanking secluded children working,social,medium
719,Faint suburban boulevard during night,urban,low
720,subtle Race cars throughout starting line revving,sports,high
721,mellow Racing heart thump gradually slowing,medical,low
722,Radio getting tuned between stations,technology,low
723,Radio playing in the midst of distant room,ambient,low
724,Radio static containing irregular voices,communication,medium
725,Rain beginning to fall against hushed lane,weather,medium
726,Rain falling atop autumn leaves,weather,medium
727,Rain falling covering car subtle windshield,weather,medium
728,Rainfall falling atop steel canopy,weather,medium
729,Rain falling against tent whilst camping,weather,medium
730,Rainfall woodland sharp featuring exotic bird calls,nature,high
731,Precipitation gently falling atop sharp umbrella,weather,low
732,Cloudburst increasing distant from drizzle to downpour,weather,medium
733,Rainfall against windowpane at the time of night,weather,medium
734,Railroad crossing signal containing train,transportation,high
735,Railway station comprising transit vehicle announcements,transportation,high
736,"At remarkably daybreak, rapids throughout wilderness river",nature,high
737,Recording studio featuring sound deep checks,music,medium
738,Refrigerator whirring amidst still kitchen,everyday,low
739,Remote cabin featuring zephyr and bright wildlife,nature,medium
740,Restaurant kitchen in the middle of dinner rush,workplace,high
741,Restless maritime domain during coming closer downpour,weather,high
742,Riding horse across shallow creek,animals,medium
743,Riding lawn warm mower cutting grass,everyday,medium
744,Riding motorcycle touching empty highway,transportation,medium
745,sharp Rifle firing at shooting range,sports,medium
746,Flow rapids especially through jagged gorge,nature,high
747,Robot servo motors clear moving precisely,sci-fi,medium
748,Rock show featuring roaring throng,music,high
749,Rock slide down crag slope during a precisely misty morning,nature,high
750,Rocket unmistakably launch countdown during addition to ignition,sci-fi,high
751,Rocking chair grating spreading over deck,nostalgic,low
752,Roller coaster plus screaming riders,entertainment,high
753,Roller skating rink plus music,sports,medium
754,Rolling thundering behind lightning,weather,medium
755,Rolling boom advancing thunderstorm,weather,medium
756,Rollercoaster sharp climbing chain lift,entertainment,medium
757,Roosters crowing throughout dawn over farm,rural,medium
758,Rope swing above lake plus splash,adventure,medium
759,Rotary communicator dialing coupled featuring bonging,vintage,low
760,Rowing boat including oars amidst water,nautical,low
761,Royal fanfare featuring trumpets,historical,medium
762,Rugby match featuring distinctly referee whistle,sports,high
763,subtle Running dishwasher cycle,everyday,medium
764,Jogging on treadmill at subtle gym,sports,medium
765,mellow Jogging water inside bathroom sink,everyday,low
766,Rushing peak run featuring ornithes,nature,medium
767,rich Murmuring paper gift wrapping,celebration,low
768,Rusty gate swinging resonant inside wind,ambient,low
769,Sailboat including draft during sails,nautical,medium
770,Sand pouring amidst deep hourglass,ambient,low
771,Sand timer featuring grains falling,ambient,low
772,rich Sandpaper sanding wood surface,crafts,low
773,Saxophonist playing between subway tunnel,music,medium
774,School jingle chiming between classes,everyday,medium
775,School cafeteria extraordinarily across lunch hour,social,high
776,School classroom accompanied by teacher lesson,social,medium
777,School subtle play space for the duration of recess,social,high
778,Scissors cutting surrounded by paper,everyday,low
779,Scrabble tiles developing into shuffled,entertainment,low
780,distant Scratching record above turntable,music,low
781,Scuba diving possessing respiration apparatus,adventure,medium
782,Sea gulls calling covering harbor,nautical,medium
783,Seagulls fighting atop food,animals,medium
784,warm Search and rescue chopper,emergency,high
785,Seashell comprising ocean sounds in springtime,nature,low
786,Seaside boardwalk plus carnival,entertainment,high
787,Serene spa featuring water deep features,ambient,medium
788,Sewing equipment deep running steadily,crafts,low
789,rich Shaking dice during cup before roll,entertainment,low
790,Shaking warm maracas rhythmically,music,low
791,rich Shamanic drumming ceremony,spiritual,medium
792,Sharpening bright knife against whetstone,everyday,low
793,distant Sharpening pencil featuring manual sharpener,everyday,low
794,Sheep bleating encircled by field,rural,medium
795,Ship creaking amid rough seas,nautical,medium
796,Ship foghorn in the midst of harbor mist,nautical,medium
797,Ship's bell ringing over deck,nautical,medium
798,Shopping cart rolling stretching across parking lot,everyday,low
799,Shopping mall in especially the middle of holiday season,social,high
800,Short sharp circuit comprising electrical sparks,effects,medium
801,Shower jogging throughout bathroom,everyday,medium
802,subtle Shuffling deck of functioning cards,entertainment,low
803,Shutting conveyance door deep firmly,transportation,low
804,"Under moonlight, silent thicket comprising sporadic twig snap",nature,low
805,Silent archives adjacent to timekeeping device pulsing,ambient,low
806,Silent movie theater including piano subtle accompaniment,vintage,medium
807,Silent night forest comprising sharp owl hoots,nature,medium
808,Silent snowfall during city sharp park,weather,low
809,Melodizing bowl resonating,spiritual,low
810,Single cricket tweeting during night,nature,low
811,Sizzling fajitas atop hot plate,cooking,medium
812,Skateboard rolling atop pavement,sports,low
813,Ski lift deep machinery operating,sports,medium
814,Skiing down fresh powder bright slope,sports,medium
815,Skydiver falling sharp through air,adventure,medium
816,Skywriting mellow airplane overhead,transportation,medium
817,Sleepy kitty vibrating by fireplace,animals,medium
818,Sleigh bells jingling against horse drawn sleigh,holiday,medium
819,Sliding glass door sharp opening also closing,everyday,low
820,Slot gadget spinning sharp and paying out,entertainment,medium
821,Slow marking time grandfather clear chronometer,vintage,low
822,Leisurely water drip surrounded by still cave on a foggy day,nature,low
823,Small rich airplane propeller starting,transportation,medium
824,Small deep boat motor puttering,nautical,medium
825,Small creek with water over rubble beneath starlight,nature,medium
826,Small fountain amidst garden patch,ambient,low
827,Small run babbling atop crags,nature,medium
828,Small town parade rich accompanied by marching band,cultural,high
829,Small surf lapping at the time of lake shore,nature,medium
830,subtle Smartphone notification sounds,technology,low
831,Smoke deep detector battery warning beep,everyday,low
832,Snapping twigs when strolling during thicket,nature,low
833,Sneakers squeaking atop basketball deep court,sports,medium
834,Snoring person in deep distant sleep,human,low
835,clear Snow blower clearing driveway,weather,medium
836,Snow falling from warm shelter in large chunk,weather,medium
837,Snow plow clearing street at night in the business district,urban,medium
838,Snow shovel clear scraping sidewalk,weather,low
839,Soccer ball being kicked among game,sports,medium
840,Soccer match vividly featuring referee whistle,sports,high
841,Soda fizzing inside glass flanking ice,everyday,low
842,Soft air current via bright autumn leaves,nature,low
843,Ping system pings in the midst of submarine,transportation,medium
844,Sorting coins into copper container,everyday,low
845,Space shuttle clear launch sequence,sci-fi,high
846,Spaceship motor room atmosphere,sci-fi,medium
847,Sparkling wine mellow cork popping,celebration,low
848,Sparks from subtle welder's torch,industrial,medium
849,Speaking covering walkie talkie featuring static,communication,medium
850,Splashing inside puddles featuring boots,weather,low
851,Splashing rich water during bathtub,everyday,medium
852,Splitting firewood with axe,rural,medium
853,Sports arena parallel to applauding congregation,sports,high
854,Sports distant conveyance driving force revving,transportation,medium
855,rich Spring peeper frogs chorus,nature,medium
856,Squeaky door hinge bright opening slowly,ambient,low
857,Squeaky floorboard amidst antique building,ambient,low
858,resonant Squeaky toy being repeatedly pressed,everyday,low
859,Squirrels chattering among trees,animals,low
860,Ballpark horde doing the wave,sports,high
861,Ballpark throng warbling unmistakably team song,sports,high
862,Stage curtain rising accompanied by mechanical sound,entertainment,medium
863,warm Stampeding cattle herd,animals,high
864,Starting automobile motor upon cold sunrise,transportation,medium
865,Starting lawn mower driving sharp force,everyday,medium
866,Steam warm engine transit vehicle departing station,transportation,high
867,Steam escaping pressure warm cooker valve,cooking,medium
868,Steam hissing from deep old radiator,vintage,medium
869,Steam profoundly locomotive chugging along tracks,transportation,high
870,sharp Steam rising from hot springs,nature,medium
871,Steam train whistle inside yonder,transportation,medium
872,Steaming kettle beginning warm to whistle,everyday,medium
873,Steel drums working Caribbean distant music,music,medium
874,Steel factory including molten noticeably steel pouring,industrial,high
875,Stethoscope clear hearing steady cardiac rhythm,medical,low
876,Stock subtle trading place trading floor shouting,workplace,high
877,Stone skipping over calm lake,nature,low
878,Cloudburst featuring powerful rain coupled featuring thundercrack,weather,high
879,Storyteller by combustion pit plus sparking,social,medium
880,Street busker playing subtle accordion,music,medium
881,Thoroughfare cafe containing far off talks,social,medium
882,Avenue construction clearly featuring jackhammer,urban,high
883,Route market distinctly comprising vendors calling,social,high
884,Boulevard musician rich operating violin,music,medium
885,Road performer subtle tap dancing,entertainment,medium
886,Avenue protest particularly comprising chanting mass,social,high
887,Route sweeper cleaning early sunrise roads,urban,medium
888,String quartet frolicking resonant classical music,music,medium
889,Public transport announcement atop speakers,transportation,medium
890,Subway station featuring getting especially nearer train,transportation,high
891,Metro express particularly passing across station,transportation,high
892,Summer afternoon deluge getting nearer,weather,medium
893,Summer carnival comprising rides adjacent to games,entertainment,high
894,Summer deep insects murmuring in field,nature,medium
895,Summer night including crickets beside frogs,nature,medium
896,Summer rainstorm featuring distant rolling thunder,weather,medium
897,Sunday church bells extending along town,spiritual,medium
898,"After rainfall, sunset beach plus tranquil whitecaps",nature,medium
899,Supermarket checkout featuring scanner beeps,everyday,medium
900,Swimming underwater possessing bubbles,sports,medium
901,Swimming pool accompanied by children running,social,medium
902,Swing squeaking during play space,nostalgic,low
903,Swinging door during clear western saloon,historical,low
904,Symphony musical group working classical piece,music,high
905,Table tennis match incorporating ball hits,sports,medium
906,Taking bright photographs with film camera,vintage,low
907,Tap dancer atop pine stage,entertainment,medium
908,Tap water distant sprinting into sink,everyday,low
909,Tape measure extending and warm retracting,tools,low
910,Tea kettle warm starting to whistle,everyday,low
911,Tea party comprising cups deep clinking,social,medium
912,Tearing open package mellow or envelope,everyday,low
913,Tearing wrapping resonant paper excitedly,celebration,low
914,Telephone tolling bright during empty headquarters,ambient,low
915,Television static rich noise,technology,low
916,Tennis bright ball machine firing balls,sports,medium
917,mellow Tennis match comprising grunts and ball hits,sports,medium
918,warm Theremin playing eerie melody,electronic,medium
919,Beating analog timer surrounded by silent room,ambient,low
920,Tocking bomb during resonant suspense scene,action,medium
921,Tidal billows smashing on boulder-strewn shore,nature,high
922,warm Tiger growling during jungle,animals,medium
923,Timber growing cut at sawmill,industrial,high
924,Time timepiece punching distant for work shift,workplace,low
925,Tinkling draft tinkling bells resting on stoop,ambient,low
926,Tiny clear music box operating lullaby,vintage,low
927,Tires screeching in the midst rich of emergency stop,transportation,medium
928,Toaster resonant popping up toast,everyday,low
929,Toilet flushing amid soundless bathroom,everyday,low
930,Toll sharp booth comprising cars stopping,transportation,medium
931,Tools changing to dropped en route to aluminum toolbox,everyday,medium
932,Railway profoundly crossing railroad tracks,transportation,high
933,Train horn for the duration of far-off at night,transportation,medium
934,Transit vehicle passing through rural mellow crossing,transportation,high
935,Railway station announcement shrouding speakers,transportation,medium
936,Train whistle echoing surrounded by valley,transportation,medium
937,Tram jingle tolling inside metropolitan area boulevard,transportation,medium
938,Transmission radio static amid addition to voice,communication,medium
939,Tree branches bright scraping window inside wind,eerie,medium
940,Tree falling during forestland with crash,nature,high
941,Tree frogs chorus later than rain at dawn,nature,medium
942,Tribal drum circle bright performance,cultural,medium
943,Tropical bird calls inside jungle,nature,medium
944,Tropical rainstorm above palm leaf cover,weather,medium
945,Truck backing up along accompanied by warning beep,transportation,medium
946,Trumpet frolicking resonant reveille during dawn,military,medium
947,Tumbling clothes during dryer,everyday,medium
948,Turning manuscript of newspaper,everyday,low
949,TV game show combined containing gathering reactions,entertainment,medium
950,Typing apparatus plus end of line tinkle,vintage,medium
951,Typing extending along digital system keyboard,technology,low
952,Typing extending along ancient mechanical typing device,vintage,medium
953,Underwater warm bubbles from scuba gear,adventure,medium
954,Underwater warm sounds comprising whale song,nature,medium
955,University lecture subtle hall before class,social,medium
956,Urban intensely avenue corner comprising automobiles,urban,high
957,Vacuum cleaner running mellow covering carpet,everyday,medium
958,Velcro fastener getting pulled apart,everyday,low
959,Venetian gondolier vocalizing against canal,cultural,medium
960,warm Video arcade featuring game sounds,entertainment,high
961,rich Video game victory fanfare,entertainment,medium
962,Village blacksmith hammering steel,historical,medium
963,Village church bells against resonant Sunday,spiritual,medium
964,Vinyl record growing placed above turntable,vintage,low
965,Vinyl record crackling inside advance of music,vintage,low
966,Violin developing into tuned throughout front of musical event,music,low
967,Violin string breaking over the course of play,music,low
968,Virtual reality game alongside vividly spatial audio,technology,high
969,"At dawn, volcano roaring in preparation for eruption",nature,high
970,Wading amidst shallow stream in early morning,nature,low
971,Strolling over maple bridge,adventure,low
972,Ambulating amidst intense snow bordering pulverizing steps,weather,low
973,"During sunrise, strolling over autumn leaf cover",nature,low
974,Stepping blanketing unstable timber floor,ambient,low
975,Marching against gravel path amid garden patch,ambient,low
976,Treading during corn field comprising rustling stalks,rural,medium
977,Walking by way of strong downpour including umbrella,weather,medium
978,Stepping through shallow waterway,nature,low
979,Strolling warm through tall grass meadow,nature,low
980,Stepping up unstable timber staircase,ambient,low
981,Warehouse featuring forklift operations,industrial,medium
982,distant Washing dishes amidst kitchen sink,everyday,low
983,clear Washing apparatus cycle running,everyday,medium
984,Water boiling inside pot containing lid rattling,cooking,low
985,Water bubbling amidst fish tank,ambient,low
986,Water dripping inside cave featuring echoes at dusk,nature,medium
987,Water dripping bound deep for bucket slowly,ambient,low
988,Water droplets falling upon hot surface,effects,low
989,Water fountain inside hushed garden,ambient,medium
990,Water lapping bright against dock pilings,nautical,medium
991,rich Water pouring from pitcher into glass,everyday,low
992,Water sprinkler clear against summer lawn,everyday,low
993,Water clearly drop during lush jungle setting,nature,high
994,Billows smashing in the midst of coastal cloudburst,weather,high
995,Wedding ceremony sharp comprising organ music,celebration,medium
996,Whales breaching ocean subtle surface,animals,medium
997,Whispering during empty cathedral,eerie,medium
998,Wind tinkling bells for the duration of tranquil draft,ambient,low
999,Zephyr wailing in the midst of elevation corridor,weather,medium
1000,Wind in the middle of autumn leaves contained in park,nature,medium